ID,Code,Symbol,Name,DisplayName,InternalReference1,AssetClassID,CustomFields,BatchID,IsActiveRecord
30,1500blnd,BLANK,1500 Blended Index,1500 Blended Index,NULL,NULL,NULL,NULL,1
31,2615,BLANK,SPBarra 12-05 CitiVal 12-08 FrValue60 / LehGC 12-99 BBG Agg40 forward 7-,SPBarra 12-05 CitiVal 12-08 FrValue60 / LehGC 12-99 BBG Agg40 forward 7-,NULL,NULL,NULL,NULL,1
32,2650,BLANK,Int G/C thru 01/05 BBG Agg forward,Int G/C thru 01/05 BBG Agg forward,NULL,NULL,NULL,NULL,1
33,2678,BLANK,Leh 1-3 Yr Govt thru 2/06 BBG IntAg forward,Leh 1-3 Yr Govt thru 2/06 BBG IntAg forward,NULL,NULL,NULL,NULL,1
34,3000_INAC_34,BLANK,ICE BofAML 1-5 45/SP500 45/TBill 10 (Adj '95-'96) Nov09 70 IntCr/30 SP50,ICE BofAML 1-5 45/SP500 45/TBill 10 (Adj '95-'96) Nov09 70 IntCr/30 SP50,NULL,NULL,NULL,NULL,0
35,3000a,BLANK,SPBarra12/05 CitiVal 45 MLG/C1-5 10 TB Nov09 70 IntCr/30 SP500 forward,SPBarra12/05 CitiVal 45 MLG/C1-5 10 TB Nov09 70 IntCr/30 SP500 forward,NULL,NULL,NULL,NULL,1
36,3019,BLANK,70 S&P500 / 30 BBG Agg,70 S&P500 / 30 BBG Agg,NULL,NULL,NULL,NULL,1
37,3416,BLANK,Bloomberg U.S. HY Ba/B 3%,Bloomberg U.S. HY Ba/B 3%,NULL,NULL,NULL,NULL,1
38,3620,BLANK,80% Lg Corp A or + / 20% Baa,80% Lg Corp A or + / 20% Baa,NULL,NULL,NULL,NULL,1
39,6004,BLANK,Leh Interm Agg thru 1/05 BBG Agg forward,Leh Interm Agg thru 1/05 BBG Agg forward,NULL,NULL,NULL,NULL,1
40,baacr,BLANK,BAACR,BAACR,NULL,NULL,NULL,NULL,1
41,bc1-3cred,510990781,Bloomberg 1-3 Yr Credit,Bloomberg 1-3 Yr Credit,NULL,NULL,NULL,NULL,1
42,bc1to5g,510990765,Bloomberg 1-5 Yr Govt,Bloomberg 1-5 Yr Govt,NULL,NULL,NULL,NULL,1
43,bc1to5gc,510990815,Bloomberg 1-5 Yr Govt Credit,Bloomberg 1-5 Yr Govt Credit,NULL,NULL,NULL,NULL,1
44,bcabs,BLANK,Bloomberg ABS,Bloomberg ABS,NULL,NULL,NULL,NULL,1
45,bcincorp,51199F753,Bloomberg Interm Corporate,Bloomberg Interm Corporate,NULL,NULL,NULL,NULL,1
46,bclcorp,51199F837,Bloomberg U.S. Long Corporate,Bloomberg U.S. Long Corporate,NULL,NULL,NULL,NULL,1
47,bclcr1-3,BLANK,Bloomberg U.S. Credit 1-3 Year Ex Baa,Bloomberg U.S. Credit 1-3 Year Ex Baa,NULL,NULL,NULL,NULL,1
48,bclgovt,51199E590,Bloomberg Long Govt,Bloomberg Long Govt,NULL,NULL,NULL,NULL,1
49,bclltsy,51199E624,Bloomberg Long U.S. Tsy,Bloomberg Long U.S. Tsy,NULL,NULL,NULL,NULL,1
50,bcusmtg,BLANK,Bloomberg U.S. MBS,Bloomberg U.S. MBS,NULL,NULL,NULL,NULL,1
51,blend,BLANK,Blended Index,Blended Index,NULL,NULL,NULL,NULL,1
52,citival,BLANK,S&P 500 Value,S&P 500 Value,NULL,NULL,NULL,NULL,1
53,cmbs,BLANK,Bloomberg CMBS,Bloomberg CMBS,NULL,NULL,NULL,NULL,1
54,corp1-3,51099G273,Bloomberg U.S. Corp 1-3 Yr,Bloomberg U.S. Corp 1-3 Yr,NULL,NULL,NULL,NULL,1
55,cpi-u,20299A022,CPI-U Index,CPI-U Index,NULL,NULL,NULL,NULL,1
56,csloan,BLANK,Credit Suisse Leveraged Loan,Credit Suisse Leveraged Loan,NULL,NULL,NULL,NULL,1
57,fr1000,778990234,Russell 1000,Russell 1000,NULL,NULL,NULL,NULL,1
58,fr2000,778990267,Russell 2000,Russell 2000,NULL,NULL,NULL,NULL,1
59,fr2000gr,778990275,Russell 2000 Growth,Russell 2000 Growth,NULL,NULL,NULL,NULL,1
60,fr2000v,778990150,Russell 2000 Value,Russell 2000 Value,NULL,NULL,NULL,NULL,1
61,fr2500,778990119,Russell 2500,Russell 2500,NULL,NULL,NULL,NULL,1
62,fr2500v,778990291,Russell 2500 Value,Russell 2500 Value,NULL,NULL,NULL,NULL,1
63,fr3000,778990309,Russell 3000,Russell 3000,NULL,NULL,NULL,NULL,1
64,fr3000v,778990325,Russell 3000 Value,Russell 3000 Value,NULL,NULL,NULL,NULL,1
65,frdexnan,BLANK,Russell Developed ex-North America Large Cap,Russell Developed ex-North America Large Cap,NULL,NULL,NULL,NULL,1
66,frdexusn,110388,Russell Developed ex-US Large Cap,Russell Developed ex-US Large Cap,NULL,NULL,NULL,NULL,1
67,frdlc,BLANK,Russell Developed Large Cap (gross),Russell Developed Large Cap (gross),NULL,NULL,NULL,NULL,1
68,frdxnavn,BLANK,Russell Developed ex-North America Large Cap Value,Russell Developed ex-North America Large Cap Value,NULL,NULL,NULL,NULL,1
69,frdxusvn,BLANK,Russell Developed ex-US Large Cap Value,Russell Developed ex-US Large Cap Value,NULL,NULL,NULL,NULL,1
70,fremerg,BLANK,Russell Global Emerging Markets (gross),Russell Global Emerging Markets (gross),NULL,NULL,NULL,NULL,1
71,fremern,26999Y871,Russell Global Emerging Markets,Russell Global Emerging Markets,NULL,NULL,NULL,NULL,1
72,fremevn,BLANK,Russell Global Emerging Markets Value,Russell Global Emerging Markets Value,NULL,NULL,NULL,NULL,1
73,frgexus,BLANK,Russell Global Ex-US Large Cap (gross),Russell Global Ex-US Large Cap (gross),NULL,NULL,NULL,NULL,1
74,frglc,BLANK,Russell Global Large Cap (gross),Russell Global Large Cap (gross),NULL,NULL,NULL,NULL,1
75,frgrowth,778990242,Russell 1000 Growth,Russell 1000 Growth,NULL,NULL,NULL,NULL,1
76,frmidcap,778990333,Russell Mid Cap,Russell Mid Cap,NULL,NULL,NULL,NULL,1
77,frmidgro,778990341,Russell Mid Cap Growth,Russell Mid Cap Growth,NULL,NULL,NULL,NULL,1
78,frmidval,778990358,Russell Mid Cap Value,Russell Mid Cap Value,NULL,NULL,NULL,NULL,1
79,frrcustom,BLANK,Russell 1000V net hedged 15% to EUR,Russell 1000V net hedged 15% to EUR,NULL,NULL,NULL,NULL,1
80,frtop2v,778990382,Russell Top 200 Value,Russell Top 200 Value,NULL,NULL,NULL,NULL,1
81,frvalnet,26699Y437,Russell 1000 Value Net TR,Russell 1000 Value Net TR,NULL,NULL,NULL,NULL,1
82,frvalue,778990259,Russell 1000 Value,Russell 1000 Value,NULL,NULL,NULL,NULL,1
83,halocorp,BLANK,HALO Corp Benchmark,HALO Corp Benchmark,NULL,NULL,NULL,NULL,1
84,haloindx,BLANK,HALO Indx Benchmark,HALO Indx Benchmark,NULL,NULL,NULL,NULL,1
85,hybb-b,59799X470,ICE BofAML HY BB-B,ICE BofAML HY BB-B,NULL,NULL,NULL,NULL,1
86,iceushy,59499X390,ICE BofAML US High Yield,ICE BofAML US High Yield,NULL,NULL,NULL,NULL,1
87,iceushybb-b,59499X432,ICE BofAML BB-B US High Yield,ICE BofAML BB-B US High Yield,NULL,NULL,NULL,NULL,1
88,interm,5.12E+289,Bloomberg Interm Gov/Credit,Bloomberg Interm Gov/Credit,NULL,NULL,NULL,NULL,1
89,intgovt,51199E582,Bloomberg Interm Gov,Bloomberg Interm Gov,NULL,NULL,NULL,NULL,1
90,lc90ty10,BLANK,Bloomberg Corp 90 / Long Tsy 10,Bloomberg Corp 90 / Long Tsy 10,NULL,NULL,NULL,NULL,1
91,leh,5.12E+156,Bloomberg U.S. Gov/Credit,Bloomberg U.S. Gov/Credit,NULL,NULL,NULL,NULL,1
92,leh1-3gc,510990807,Bloomberg Gov/Credit 1-3 Yr,Bloomberg Gov/Credit 1-3 Yr,NULL,NULL,NULL,NULL,1
93,leh1to3,51199E772,Bloomberg 1-3 Yr Gov,Bloomberg 1-3 Yr Gov,NULL,NULL,NULL,NULL,1
94,lehagg,51199F001,Bloomberg Aggregate,Bloomberg Aggregate,NULL,NULL,NULL,NULL,1
95,lehagga,51099C132,Bloomberg Aggregate A+,Bloomberg Aggregate A+,NULL,NULL,NULL,NULL,1
96,lehcorp,51199F704,Bloomberg U.S. Corporate,Bloomberg U.S. Corporate,NULL,NULL,NULL,NULL,1
97,lehcr,51199F100,Bloomberg Credit,Bloomberg Credit,NULL,NULL,NULL,NULL,1
98,lehgca,51099F655,Bloomberg Gov/Credit A+,Bloomberg Gov/Credit A+,NULL,NULL,NULL,NULL,1
99,lehgovt,51199E673,Bloomberg Government,Bloomberg Government,NULL,NULL,NULL,NULL,1
100,lehinta,51099D478,Bloomberg Interm A+ Gov/Credit,Bloomberg Interm A+ Gov/Credit,NULL,NULL,NULL,NULL,1
101,lehintag,51199F639,Bloomberg Interm Aggregate,Bloomberg Interm Aggregate,NULL,NULL,NULL,NULL,1
102,lehintcr,51199F217,Bloomberg Interm Credit,Bloomberg Interm Credit,NULL,NULL,NULL,NULL,1
103,lehintts,51199E608,Bloomberg Interm Tsy,Bloomberg Interm Tsy,NULL,NULL,NULL,NULL,1
104,lehlgcr,51199E616,Bloomberg U.S. Long Gov/Credit,Bloomberg U.S. Long Gov/Credit,NULL,NULL,NULL,NULL,1
105,lehlongc,51199F225,Bloomberg U.S. Long Credit,Bloomberg U.S. Long Credit,NULL,NULL,NULL,NULL,1
106,lehmuni2,BLANK,Bloomberg Muni Int/Sht (1-10),Bloomberg Muni Int/Sht (1-10),NULL,NULL,NULL,NULL,1
107,lehtips,BLANK,Bloomberg Tsys Inflation Linked,Bloomberg Tsys Inflation Linked,NULL,NULL,NULL,NULL,1
108,lehtsy,51099G018,Bloomberg Tsy 1-3 Yrs,Bloomberg Tsy 1-3 Yrs,NULL,NULL,NULL,NULL,1
109,mbsfr,BLANK,MBSFR,MBSFR,NULL,NULL,NULL,NULL,1
110,ml1to5,59099X865,ICE BofAML G/C 1-5 Years,ICE BofAML G/C 1-5 Years,NULL,NULL,NULL,NULL,1
111,ml3to5,81099W655,ICE BofAML Govt 3-5 Years,ICE BofAML Govt 3-5 Years,NULL,NULL,NULL,NULL,1
112,mldom,59599Z063,ICE BofAML Domestic Master,ICE BofAML Domestic Master,NULL,NULL,NULL,NULL,1
113,mlg1to5,59399X862,ICE BofAML Govt 1-5 Years,ICE BofAML Govt 1-5 Years,NULL,NULL,NULL,NULL,1
114,msciacw,180090,MSCI AC World (gross),MSCI AC World (gross),NULL,NULL,NULL,NULL,1
115,msciacwn,27399Y01,MSCI AC World,MSCI AC World,NULL,NULL,NULL,NULL,1
116,msciacwv,179152,MSCI AC World Value (gross),MSCI AC World Value (gross),NULL,NULL,NULL,NULL,1
117,msciacwvn,29899X19,MSCI AC World Value,MSCI AC World Value,NULL,NULL,NULL,NULL,1
118,msciacwx,180148,MSCI AC World ex-US (gross),MSCI AC World ex-US (gross),NULL,NULL,NULL,NULL,1
119,msciacwximi,29899X969,MSCI ACWI ex US IMI (gross),MSCI ACWI ex US IMI (gross),NULL,NULL,NULL,NULL,1
120,msciacwximin,29899X951,MSCI ACWI ex US IMI,MSCI ACWI ex US IMI,NULL,NULL,NULL,NULL,1
121,msciacwximiv,26A99Y887,MSCI ACWI ex US IMI Value (gross),MSCI ACWI ex US IMI Value (gross),NULL,NULL,NULL,NULL,1
122,msciacwximivn,26A99Y89,MSCI ACWI ex US IMI Value,MSCI ACWI ex US IMI Value,NULL,NULL,NULL,NULL,1
123,msciacwxn,180157,MSCI AC World ex-US,MSCI AC World ex-US,NULL,NULL,NULL,NULL,1
124,msciacwxv,179144,MSCI AC World ex-US Value (gross),MSCI AC World ex-US Value (gross),NULL,NULL,NULL,NULL,1
125,msciacwxvn,179146,MSCI AC World ex-US Value,MSCI AC World ex-US Value,NULL,NULL,NULL,NULL,1
126,mscieafe,1782608,MSCI EAFE (gross),MSCI EAFE (gross),NULL,NULL,NULL,NULL,1
127,mscieafeesg,26A99Y98,MSCI EAFE ESG (gross),MSCI EAFE ESG (gross),NULL,NULL,NULL,NULL,1
128,mscieafen,178262,MSCI EAFE,MSCI EAFE,NULL,NULL,NULL,NULL,1
129,mscieafev,177156,MSCI EAFE Value (gross),MSCI EAFE Value (gross),NULL,NULL,NULL,NULL,1
130,mscieafevn,177158,MSCI EAFE Value,MSCI EAFE Value,NULL,NULL,NULL,NULL,1
131,msciem,180071,MSCI Emerging Markets (gross),MSCI Emerging Markets (gross),NULL,NULL,NULL,NULL,1
132,msciemesg,BLANK,MSCI Emerging Markets ESG (gross),MSCI Emerging Markets ESG (gross),NULL,NULL,NULL,NULL,1
133,msciemn,29799X83,MSCI Emerging Markets,MSCI Emerging Markets,NULL,NULL,NULL,NULL,1
134,msciemv,1792265,MSCI Emerging Markets Value (gross),MSCI Emerging Markets Value (gross),NULL,NULL,NULL,NULL,1
135,msciemvn,26D99X37,MSCI Emerging Markets Value,MSCI Emerging Markets Value,NULL,NULL,NULL,NULL,1
136,mscip750,52799W337,MSCI Prime Market 750,MSCI Prime Market 750,NULL,NULL,NULL,NULL,1
137,msciusesg,69D99Z139,MSCI USA ESG LEADERS (gross),MSCI USA ESG LEADERS (gross),NULL,NULL,NULL,NULL,1
138,msciusesgp,69D99Z121,MSCI USA ESG LEADERS (price),MSCI USA ESG LEADERS (price),NULL,NULL,NULL,NULL,1
139,msciuslvg,26L99Y067,MSCI USA Large Value USD (gross),MSCI USA Large Value USD (gross),NULL,NULL,NULL,NULL,1
140,msciusv,26F99Z56,MSCI USA Value (gross),MSCI USA Value (gross),NULL,NULL,NULL,NULL,1
141,msciw,178897,MSCI World (gross),MSCI World (gross),NULL,NULL,NULL,NULL,1
142,msciwesg,26A99Y82,MSCI World ESG (gross),MSCI World ESG (gross),NULL,NULL,NULL,NULL,1
143,msciwimin,1BBF5Z,MSCI World IMI,MSCI World IMI,NULL,NULL,NULL,NULL,1
144,msciwn,57399W124,MSCI World,MSCI World,NULL,NULL,NULL,NULL,1
145,msciwv,29899X803,MSCI World Value (gross),MSCI World Value (gross),NULL,NULL,NULL,NULL,1
146,msciwvn,29899X79,MSCI World Value,MSCI World Value,NULL,NULL,NULL,NULL,1
147,msciwximin,67Z99Z535,MSCI World ex US IMI,MSCI World ex US IMI,NULL,NULL,NULL,NULL,1
148,msciwximiv,69C99Y89,MSCI World Ex-US IMI Value (gross),MSCI World Ex-US IMI Value (gross),NULL,NULL,NULL,NULL,1
149,msciwximivn,69C99Y901,MSCI World Ex-US IMI Value,MSCI World Ex-US IMI Value,NULL,NULL,NULL,NULL,1
150,msciwxvn,1784187,MSCI World Ex-US Value,MSCI World Ex-US Value,NULL,NULL,NULL,NULL,1
151,mtgs_only,mtgs,Bloomberg Mtgs Only - All FI,Bloomberg Mtgs Only - All FI,NULL,NULL,NULL,NULL,1
152,mtgs_only_core,mtgscore,Bloomberg Mtgs Only - Core,Bloomberg Mtgs Only - Core,NULL,NULL,NULL,NULL,1
153,muni,BLANK,ICE BofAML Muni Index 1-12 Yrs,ICE BofAML Muni Index 1-12 Yrs,NULL,NULL,NULL,NULL,1
154,muni3yr,51099B423,Bloomberg Muni 3-Year,Bloomberg Muni 3-Year,NULL,NULL,NULL,NULL,1
155,nycindex,BLANK,NYC Credit Index,NYC Credit Index,NULL,NULL,NULL,NULL,1
156,opcr,BLANK,Bloomberg Interm Credit 80 / HY 20,Bloomberg Interm Credit 80 / HY 20,NULL,NULL,NULL,NULL,1
157,opcrcopy,BLANK,Bloomberg Interm Credit 80 / HY 20,Bloomberg Interm Credit 80 / HY 20,NULL,NULL,NULL,NULL,1
158,rv55la45,BLANK,55 RV 1000 / 45 BBG Agg,55 RV 1000 / 45 BBG Agg,NULL,NULL,NULL,NULL,1
159,sb55ag45,BLANK,SP Barra thru 12/05 Citigroup Value forward 55% / BBG Agg 45%,SP Barra thru 12/05 Citigroup Value forward 55% / BBG Agg 45%,NULL,NULL,NULL,NULL,1
160,sp500,BLANK,SP500,SP500,NULL,NULL,NULL,NULL,1
161,sp500n,SPTR500N,"S&P 500 (Net of Div Withholding Tax, Total Return)","S&P 500 (Net of Div Withholding Tax, Total Return)",NULL,NULL,NULL,NULL,1
162,sp55l45,BLANK,S&P 500 55% / BBG Govt/Corp 45%,S&P 500 55% / BBG Govt/Corp 45%,NULL,NULL,NULL,NULL,1
163,sp60l40,BLANK,S&P 60 / BBG G-C 40,S&P 60 / BBG G-C 40,NULL,NULL,NULL,NULL,1
164,spbacitv,BLANK,S&P 500 Value (linked),S&P 500 Value (linked),NULL,NULL,NULL,NULL,1
165,spbarra,BLANK,S&P 500 Value,S&P 500 Value,NULL,NULL,NULL,NULL,1
166,sptotal,85299600,S&P 500,S&P 500,NULL,NULL,NULL,NULL,1
167,strip20,51099D494,Bloomberg U.S. Strips 20+,Bloomberg U.S. Strips 20+,NULL,NULL,NULL,NULL,1
168,stst2622,BLANK,State St Perf - Interm Fund,State St Perf - Interm Fund,NULL,NULL,NULL,NULL,1
169,stst2698,BLANK,StStreet Perf - HALO,StStreet Perf - HALO,NULL,NULL,NULL,NULL,1
170,tbill,BLANK,3-Month T-Bills,3-Month T-Bills,NULL,NULL,NULL,NULL,1
171,uscrlong,BLANK,USCRLONG,USCRLONG,NULL,NULL,NULL,NULL,1
172,willcv,BLANK,Willcv,Willcv,NULL,NULL,NULL,NULL,1
173,zold_halocorp,BLANK,zOLD_HALO Corp Benchmark,zOLD_HALO Corp Benchmark,NULL,NULL,NULL,NULL,1
174,zold_haloindx,BLANK,zOLD_HALO Index (Historical StStreet),zOLD_HALO Index (Historical StStreet),NULL,NULL,NULL,NULL,1
175,zold_hybb-b,BLANK,zOLD_ICE US HY BB-B,zOLD_ICE US HY BB-B,NULL,NULL,NULL,NULL,1
176,zold_interm,BLANK,zOLD_BBG Int G/C,zOLD_BBG Int G/C,NULL,NULL,NULL,NULL,1
177,zold_leh,BLANK,zOLD_BBG US Govt/Cr,zOLD_BBG US Govt/Cr,NULL,NULL,NULL,NULL,1
178,zold_lehcr,BLANK,zOLD_BBG Credit Bond Index,zOLD_BBG Credit Bond Index,NULL,NULL,NULL,NULL,1
179,zold_lehgca,BLANK,zOLD_BBG G/C A+,zOLD_BBG G/C A+,NULL,NULL,NULL,NULL,1
180,zold_lehgovt,BLANK,zOLD_BBG Govt,zOLD_BBG Govt,NULL,NULL,NULL,NULL,1
181,zold_lehinta,BLANK,zOLD_BBG Interm A+ Govt/Credit,zOLD_BBG Interm A+ Govt/Credit,NULL,NULL,NULL,NULL,1
182,zold_lehintag,BLANK,zOLD_BBG Interm Agg,zOLD_BBG Interm Agg,NULL,NULL,NULL,NULL,1
183,zold_lehintts,BLANK,zOLD_BBG Interm Tsy,zOLD_BBG Interm Tsy,NULL,NULL,NULL,NULL,1
184,zold_lehtips,BLANK,zOLD_BBG Tsys Inflation Linked,zOLD_BBG Tsys Inflation Linked,NULL,NULL,NULL,NULL,1
185,zold_ml1to5,BLANK,zOLD_ICE G/C 1-5 Years,zOLD_ICE G/C 1-5 Years,NULL,NULL,NULL,NULL,1
186,zold_ml3to5,BLANK,zOLD_ICE Govt 3-5 Years,zOLD_ICE Govt 3-5 Years,NULL,NULL,NULL,NULL,1
187,zold_mldom,BLANK,zOLD_ICE Domestic Master,zOLD_ICE Domestic Master,NULL,NULL,NULL,NULL,1
188,zoldmlg1to5,BLANK,zOLD_ICE Govt 1-5 Years,zOLD_ICE Govt 1-5 Years,NULL,NULL,NULL,NULL,1
189,1500,1500,1500 Blended Index,1500 Blended Index,NULL,NULL,NULL,NULL,1
190,1875,1875,Blended equity index,Blended equity index,NULL,NULL,NULL,NULL,1
191,1881,1881,60 Russ1000 Value / 40 Leg Agg,60 Russ1000 Value / 40 Leg Agg,NULL,NULL,NULL,NULL,1
192,2601,2601,55 RV 1000 / 45 BarclaysAgg,55 RV 1000 / 45 BarclaysAgg,NULL,NULL,NULL,NULL,1
193,2604-a,2604-a,Blmbg Barclays Gov/Cred 1/3 Yr/ prior Jan 19 Blmbg Barclays Aggregate,Blmbg Barclays Gov/Cred 1/3 Yr/ prior Jan 19 Blmbg Barclays Aggregate,NULL,NULL,NULL,NULL,1
194,2605,2605,BC Int Agg 10/11 Prior BC Agg,BC Int Agg 10/11 Prior BC Agg,NULL,NULL,NULL,NULL,1
195,2616,2616,Interm Gov Cred 80 / HY 20,Interm Gov Cred 80 / HY 20,NULL,NULL,NULL,NULL,1
196,2616-t,2616-t,80% Interm Cr / 20% HY / Prior May15 Agg,80% Interm Cr / 20% HY / Prior May15 Agg,NULL,NULL,NULL,NULL,1
197,2629-t,2629-t,Interm Credit / Prior Apr14 Agg,Interm Credit / Prior Apr14 Agg,NULL,NULL,NULL,NULL,1
198,2631_INAC_198,2631,BC Int Agg / Prior Jun17 BC Agg,BC Int Agg / Prior Jun17 BC Agg,NULL,NULL,NULL,NULL,0
199,2631-t_INAC_199,2631-t,BC Int Agg / Prior Jun17 BC Agg,BC Int Agg / Prior Jun17 BC Agg,NULL,NULL,NULL,NULL,0
200,2637,2637,80% BC Interm Govt/Cr / 20% BC HY Ba/B 3% /prior 7-1-15 BI Agg,80% BC Interm Govt/Cr / 20% BC HY Ba/B 3% /prior 7-1-15 BI Agg,NULL,NULL,NULL,NULL,1
201,2650-l,2650-l,70% Long Credit 30% Long Govt,70% Long Credit 30% Long Govt,NULL,NULL,NULL,NULL,1
202,2650-t_INAC_202,2650-t,12/31/18 70% BBG US Long Credit / 30% BBG Long Govt - Prior 100% Long Cr,12/31/18 70% BBG US Long Credit / 30% BBG Long Govt - Prior 100% Long Cr,NULL,NULL,NULL,NULL,0
203,2652-t_INAC_203,2652-t,Interm Credit / Prior Apr14 Agg,Interm Credit / Prior Apr14 Agg,NULL,NULL,NULL,NULL,0
204,2654_INAC_204,2654,BC Govt thru Feb11/BC Int Gov thru Apr18/BC Int Gov Cred forward,BC Govt thru Feb11/BC Int Gov thru Apr18/BC Int Gov Cred forward,NULL,NULL,NULL,NULL,0
205,2695,2695,Barclays Int Credit / prior to 1Dec09 MLG/C 1-5,Barclays Int Credit / prior to 1Dec09 MLG/C 1-5,NULL,NULL,NULL,NULL,1
206,3000_INAC_206,BLANK,ICE BofAML 1-5 45/SP500 45/TBill 10 (Adj '95-'96) Nov09 70 IntCr/30 SP50,ICE BofAML 1-5 45/SP500 45/TBill 10 (Adj '95-'96) Nov09 70 IntCr/30 SP50,NULL,NULL,NULL,NULL,0
207,3017,3017,50Val/45Agg/5TBill / 4/08-11/16 40Val/45Agg/10EAFE/5TB /Prior 50/45/5,50Val/45Agg/5TBill / 4/08-11/16 40Val/45Agg/10EAFE/5TB /Prior 50/45/5,NULL,NULL,NULL,NULL,1
208,3024,3024,55 S&P500 / 45 ICE BAML Dom BD,55 S&P500 / 45 ICE BAML Dom BD,NULL,NULL,NULL,NULL,1
209,3025,3025,55 S&P500 / 45 ICE BAML Dom BD,55 S&P500 / 45 ICE BAML Dom BD,NULL,NULL,NULL,NULL,1
210,3026,3026,60 FR 3000 / 40 Bar Aggr,60 FR 3000 / 40 Bar Aggr,NULL,NULL,NULL,NULL,1
211,3027,3027,60 FR 3000 / 40 Bar Aggr,60 FR 3000 / 40 Bar Aggr,NULL,NULL,NULL,NULL,1
212,3028,3028,60 FR 3000 / 40 Bar Aggr,60 FR 3000 / 40 Bar Aggr,NULL,NULL,NULL,NULL,1
213,3404,3404,Agg A+  prior 2012 / Agg forward,Agg A+  prior 2012 / Agg forward,NULL,NULL,NULL,NULL,1
214,3404-d,3404-d,"BBG Gov/Credit 1-3 Yr thru 8/31/19, then BBG Interm Agg","BBG Gov/Credit 1-3 Yr thru 8/31/19, then BBG Interm Agg",NULL,NULL,NULL,NULL,1
215,3545-t,3545-t,Interm Credit / prior Apr14 Agg,Interm Credit / prior Apr14 Agg,NULL,NULL,NULL,NULL,1
216,3551,3551,BC Long Corp/ prior Jun15 BC Long G/Cr prior Dec12 Aggr,BC Long Corp/ prior Jun15 BC Long G/Cr prior Dec12 Aggr,NULL,NULL,NULL,NULL,1
217,3570-t,3570-t,Interm Credit / Prior Dec13 Agg,Interm Credit / Prior Dec13 Agg,NULL,NULL,NULL,NULL,1
218,3584,3584,Int Cr 3/13 - prior Long US Corp 10/11 - prior Long G/C,Int Cr 3/13 - prior Long US Corp 10/11 - prior Long G/C,NULL,NULL,NULL,NULL,1
219,3585,3585,Barclays Int Agg Prior Oct14 Agg,Barclays Int Agg Prior Oct14 Agg,NULL,NULL,NULL,NULL,1
220,3590,3590,US Long Cr / prior Jan16 US Long G/C,US Long Cr / prior Jan16 US Long G/C,NULL,NULL,NULL,NULL,1
221,3590-t_INAC_221,3590-t,68%Long Corp/21%US STRIPS20+/11%IntTsy- Prior12/18LongCred 12/15LongGC,68%Long Corp/21%US STRIPS20+/11%IntTsy- Prior12/18LongCred 12/15LongGC,NULL,NULL,NULL,NULL,0
222,3596,3596,Interm Agg/ Prior Apr15 70 Long Cr / 30 Strips,Interm Agg/ Prior Apr15 70 Long Cr / 30 Strips,NULL,NULL,NULL,NULL,1
223,3634-t_INAC_223,3634-t,Interm Credit / Prior Sep15 Agg,Interm Credit / Prior Sep15 Agg,NULL,NULL,NULL,NULL,0
224,3636,3636,90%LongCredit & 10%LongGovt 6/19 - prior LongGov/Credit,90%LongCredit & 10%LongGovt 6/19 - prior LongGov/Credit,NULL,NULL,NULL,NULL,1
225,3637_INAC_225,3637,Blmbg BC 1-3 Yr Cred thru Jun18/Blmbg BC 1-3 Yr Gov Cred forward,Blmbg BC 1-3 Yr Cred thru Jun18/Blmbg BC 1-3 Yr Gov Cred forward,NULL,NULL,NULL,NULL,0
226,3638,3638,Long Credit - Prior10/19 Long GC,Long Credit - Prior10/19 Long GC,NULL,NULL,NULL,NULL,1
227,3638-t,3638-t,65%Long Credit/35%US STRIPS20+ - Prior10/19 Long GC,65%Long Credit/35%US STRIPS20+ - Prior10/19 Long GC,NULL,NULL,NULL,NULL,1
228,3642,3642,90%LongCorp & 10%LongGovt 4/19 - prior LongGov/Credit,90%LongCorp & 10%LongGovt 4/19 - prior LongGov/Credit,NULL,NULL,NULL,NULL,1
229,6008,6008,agg60/barra40,agg60/barra40,NULL,NULL,NULL,NULL,1
230,teck,teck,BCLCorp 80/Strips 20 (prior Jul17 LongG/C- Strips 86/14 & Oct08 70/30),BCLCorp 80/Strips 20 (prior Jul17 LongG/C- Strips 86/14 & Oct08 70/30),NULL,NULL,NULL,NULL,1
231,txers,txers,SP500V through 8-31-19 / MSCI USA Large Value starting 9-1-19,SP500V through 8-31-19 / MSCI USA Large Value starting 9-1-19,NULL,NULL,NULL,NULL,1
232,ztestcomposite,ztestcomposite,1500 Blended Index,1500 Blended Index,NULL,NULL,NULL,NULL,1
233,3000_INAC_233,BLANK,ICE BofAML 1-5 45/SP500 45/TBill 10 (Adj '95-'96) Nov09 70 IntCr/30 SP50,ICE BofAML 1-5 45/SP500 45/TBill 10 (Adj '95-'96) Nov09 70 IntCr/30 SP50,NULL,NULL,NULL,NULL,0
234,3000_INAC_234,BLANK,ICE BofAML 1-5 45/SP500 45/TBill 10 (Adj '95-'96) Nov09 70 IntCr/30 SP50,ICE BofAML 1-5 45/SP500 45/TBill 10 (Adj '95-'96) Nov09 70 IntCr/30 SP50,NULL,NULL,NULL,NULL,0
235,3000_INAC_235,BLANK,ICE BofAML 1-5 45/SP500 45/TBill 10 (Adj '95-'96) Nov09 70 IntCr/30 SP50,ICE BofAML 1-5 45/SP500 45/TBill 10 (Adj '95-'96) Nov09 70 IntCr/30 SP50,NULL,NULL,NULL,NULL,0
236,3000_INAC_236,BLANK,ICE BofAML 1-5 45/SP500 45/TBill 10 (Adj '95-'96) Nov09 70 IntCr/30 SP50,ICE BofAML 1-5 45/SP500 45/TBill 10 (Adj '95-'96) Nov09 70 IntCr/30 SP50,NULL,NULL,NULL,NULL,0
237,3000_INAC_237,BLANK,ICE BofAML 1-5 45/SP500 45/TBill 10 (Adj '95-'96) Nov09 70 IntCr/30 SP50,ICE BofAML 1-5 45/SP500 45/TBill 10 (Adj '95-'96) Nov09 70 IntCr/30 SP50,NULL,NULL,NULL,NULL,0
238,3000_INAC_238,BLANK,ICE BofAML 1-5 45/SP500 45/TBill 10 (Adj '95-'96) Nov09 70 IntCr/30 SP50,ICE BofAML 1-5 45/SP500 45/TBill 10 (Adj '95-'96) Nov09 70 IntCr/30 SP50,NULL,NULL,NULL,NULL,0
239,3000_INAC_239,BLANK,ICE BofAML 1-5 45/SP500 45/TBill 10 (Adj '95-'96) Nov09 70 IntCr/30 SP50,ICE BofAML 1-5 45/SP500 45/TBill 10 (Adj '95-'96) Nov09 70 IntCr/30 SP50,NULL,NULL,NULL,NULL,0
240,3000_INAC_240,BLANK,ICE BofAML 1-5 45/SP500 45/TBill 10 (Adj '95-'96) Nov09 70 IntCr/30 SP50,ICE BofAML 1-5 45/SP500 45/TBill 10 (Adj '95-'96) Nov09 70 IntCr/30 SP50,NULL,NULL,NULL,NULL,0
241,3000_INAC_241,BLANK,ICE BofAML 1-5 45/SP500 45/TBill 10 (Adj '95-'96) Nov09 70 IntCr/30 SP50,ICE BofAML 1-5 45/SP500 45/TBill 10 (Adj '95-'96) Nov09 70 IntCr/30 SP50,NULL,NULL,NULL,NULL,0
242,3000_INAC_242,BLANK,ICE BofAML 1-5 45/SP500 45/TBill 10 (Adj '95-'96) Nov09 70 IntCr/30 SP50,ICE BofAML 1-5 45/SP500 45/TBill 10 (Adj '95-'96) Nov09 70 IntCr/30 SP50,NULL,NULL,NULL,NULL,0
243,3000_INAC_243,BLANK,ICE BofAML 1-5 45/SP500 45/TBill 10 (Adj '95-'96) Nov09 70 IntCr/30 SP50,ICE BofAML 1-5 45/SP500 45/TBill 10 (Adj '95-'96) Nov09 70 IntCr/30 SP50,NULL,NULL,NULL,NULL,0
244,3000_INAC_244,BLANK,ICE BofAML 1-5 45/SP500 45/TBill 10 (Adj '95-'96) Nov09 70 IntCr/30 SP50,ICE BofAML 1-5 45/SP500 45/TBill 10 (Adj '95-'96) Nov09 70 IntCr/30 SP50,NULL,NULL,NULL,NULL,0
245,3000_INAC_245,BLANK,ICE BofAML 1-5 45/SP500 45/TBill 10 (Adj '95-'96) Nov09 70 IntCr/30 SP50,ICE BofAML 1-5 45/SP500 45/TBill 10 (Adj '95-'96) Nov09 70 IntCr/30 SP50,NULL,NULL,NULL,NULL,0
246,msciacwxjn,1804074,MSCI AC World ex-Japan,MSCI AC World ex-Japan,NULL,NULL,NULL,NULL,1
247,3000_INAC_247,BLANK,ICE BofAML 1-5 45/SP500 45/TBill 10 (Adj '95-'96) Nov09 70 IntCr/30 SP50,ICE BofAML 1-5 45/SP500 45/TBill 10 (Adj '95-'96) Nov09 70 IntCr/30 SP50,NULL,NULL,NULL,NULL,0
248,3000_INAC_248,BLANK,ICE BofAML 1-5 45/SP500 45/TBill 10 (Adj '95-'96) Nov09 70 IntCr/30 SP50,ICE BofAML 1-5 45/SP500 45/TBill 10 (Adj '95-'96) Nov09 70 IntCr/30 SP50,NULL,NULL,NULL,NULL,0
249,3000_INAC_249,BLANK,ICE BofAML 1-5 45/SP500 45/TBill 10 (Adj '95-'96) Nov09 70 IntCr/30 SP50,ICE BofAML 1-5 45/SP500 45/TBill 10 (Adj '95-'96) Nov09 70 IntCr/30 SP50,NULL,NULL,NULL,NULL,0
250,3000_INAC_250,BLANK,ICE BofAML 1-5 45/SP500 45/TBill 10 (Adj '95-'96) Nov09 70 IntCr/30 SP50,ICE BofAML 1-5 45/SP500 45/TBill 10 (Adj '95-'96) Nov09 70 IntCr/30 SP50,NULL,NULL,NULL,NULL,0
251,3000_INAC_251,BLANK,ICE BofAML 1-5 45/SP500 45/TBill 10 (Adj '95-'96) Nov09 70 IntCr/30 SP50,ICE BofAML 1-5 45/SP500 45/TBill 10 (Adj '95-'96) Nov09 70 IntCr/30 SP50,NULL,NULL,NULL,NULL,0
252,3000_INAC_252,BLANK,ICE BofAML 1-5 45/SP500 45/TBill 10 (Adj '95-'96) Nov09 70 IntCr/30 SP50,ICE BofAML 1-5 45/SP500 45/TBill 10 (Adj '95-'96) Nov09 70 IntCr/30 SP50,NULL,NULL,NULL,NULL,0
253,3000_INAC_253,BLANK,ICE BofAML 1-5 45/SP500 45/TBill 10 (Adj '95-'96) Nov09 70 IntCr/30 SP50,ICE BofAML 1-5 45/SP500 45/TBill 10 (Adj '95-'96) Nov09 70 IntCr/30 SP50,NULL,NULL,NULL,NULL,0
254,3000_INAC_254,BLANK,ICE BofAML 1-5 45/SP500 45/TBill 10 (Adj '95-'96) Nov09 70 IntCr/30 SP50,ICE BofAML 1-5 45/SP500 45/TBill 10 (Adj '95-'96) Nov09 70 IntCr/30 SP50,NULL,NULL,NULL,NULL,0
255,3000_INAC_255,BLANK,ICE BofAML 1-5 45/SP500 45/TBill 10 (Adj '95-'96) Nov09 70 IntCr/30 SP50,ICE BofAML 1-5 45/SP500 45/TBill 10 (Adj '95-'96) Nov09 70 IntCr/30 SP50,NULL,NULL,NULL,NULL,0
256,3000_INAC_256,BLANK,ICE BofAML 1-5 45/SP500 45/TBill 10 (Adj '95-'96) Nov09 70 IntCr/30 SP50,ICE BofAML 1-5 45/SP500 45/TBill 10 (Adj '95-'96) Nov09 70 IntCr/30 SP50,NULL,NULL,NULL,NULL,0
257,3000_INAC_257,BLANK,ICE BofAML 1-5 45/SP500 45/TBill 10 (Adj '95-'96) Nov09 70 IntCr/30 SP50,ICE BofAML 1-5 45/SP500 45/TBill 10 (Adj '95-'96) Nov09 70 IntCr/30 SP50,NULL,NULL,NULL,NULL,0
258,nasdaqtr,632990016,Nasdaq Total Return,Nasdaq Total Return,NULL,NULL,NULL,NULL,1
259,3000_INAC_259,BLANK,ICE BofAML 1-5 45/SP500 45/TBill 10 (Adj '95-'96) Nov09 70 IntCr/30 SP50,ICE BofAML 1-5 45/SP500 45/TBill 10 (Adj '95-'96) Nov09 70 IntCr/30 SP50,NULL,NULL,NULL,NULL,0
260,3000_INAC_260,BLANK,ICE BofAML 1-5 45/SP500 45/TBill 10 (Adj '95-'96) Nov09 70 IntCr/30 SP50,ICE BofAML 1-5 45/SP500 45/TBill 10 (Adj '95-'96) Nov09 70 IntCr/30 SP50,NULL,NULL,NULL,NULL,0
261,msciacwxjvn,1791381,MSCI AC World ex-Japan Value,MSCI AC World ex-Japan Value,NULL,NULL,NULL,NULL,1
262,3000_INAC_262,BLANK,ICE BofAML 1-5 45/SP500 45/TBill 10 (Adj '95-'96) Nov09 70 IntCr/30 SP50,ICE BofAML 1-5 45/SP500 45/TBill 10 (Adj '95-'96) Nov09 70 IntCr/30 SP50,NULL,NULL,NULL,NULL,0
263,3000_INAC_263,BLANK,ICE BofAML 1-5 45/SP500 45/TBill 10 (Adj '95-'96) Nov09 70 IntCr/30 SP50,ICE BofAML 1-5 45/SP500 45/TBill 10 (Adj '95-'96) Nov09 70 IntCr/30 SP50,NULL,NULL,NULL,NULL,0
264,3000_INAC_264,BLANK,ICE BofAML 1-5 45/SP500 45/TBill 10 (Adj '95-'96) Nov09 70 IntCr/30 SP50,ICE BofAML 1-5 45/SP500 45/TBill 10 (Adj '95-'96) Nov09 70 IntCr/30 SP50,NULL,NULL,NULL,NULL,0
265,3000_INAC_265,BLANK,ICE BofAML 1-5 45/SP500 45/TBill 10 (Adj '95-'96) Nov09 70 IntCr/30 SP50,ICE BofAML 1-5 45/SP500 45/TBill 10 (Adj '95-'96) Nov09 70 IntCr/30 SP50,NULL,NULL,NULL,NULL,0
266,3590-t,3590-t,65%Long Corp/18%US STRIPS20+/17%IntTsy,65%Long Corp/18%US STRIPS20+/17%IntTsy,NULL,NULL,NULL,NULL,1
267,3000_INAC_267,BLANK,ICE BofAML 1-5 45/SP500 45/TBill 10 (Adj '95-'96) Nov09 70 IntCr/30 SP50,ICE BofAML 1-5 45/SP500 45/TBill 10 (Adj '95-'96) Nov09 70 IntCr/30 SP50,NULL,NULL,NULL,NULL,0
268,3000_INAC_268,BLANK,ICE BofAML 1-5 45/SP500 45/TBill 10 (Adj '95-'96) Nov09 70 IntCr/30 SP50,ICE BofAML 1-5 45/SP500 45/TBill 10 (Adj '95-'96) Nov09 70 IntCr/30 SP50,NULL,NULL,NULL,NULL,0
269,3000_INAC_269,BLANK,ICE BofAML 1-5 45/SP500 45/TBill 10 (Adj '95-'96) Nov09 70 IntCr/30 SP50,ICE BofAML 1-5 45/SP500 45/TBill 10 (Adj '95-'96) Nov09 70 IntCr/30 SP50,NULL,NULL,NULL,NULL,0
270,3000_INAC_270,BLANK,ICE BofAML 1-5 45/SP500 45/TBill 10 (Adj '95-'96) Nov09 70 IntCr/30 SP50,ICE BofAML 1-5 45/SP500 45/TBill 10 (Adj '95-'96) Nov09 70 IntCr/30 SP50,NULL,NULL,NULL,NULL,0
271,3000_INAC_271,BLANK,ICE BofAML 1-5 45/SP500 45/TBill 10 (Adj '95-'96) Nov09 70 IntCr/30 SP50,ICE BofAML 1-5 45/SP500 45/TBill 10 (Adj '95-'96) Nov09 70 IntCr/30 SP50,NULL,NULL,NULL,NULL,0
272,3000_INAC_272,BLANK,ICE BofAML 1-5 45/SP500 45/TBill 10 (Adj '95-'96) Nov09 70 IntCr/30 SP50,ICE BofAML 1-5 45/SP500 45/TBill 10 (Adj '95-'96) Nov09 70 IntCr/30 SP50,NULL,NULL,NULL,NULL,0
273,3000_INAC_273,BLANK,ICE BofAML 1-5 45/SP500 45/TBill 10 (Adj '95-'96) Nov09 70 IntCr/30 SP50,ICE BofAML 1-5 45/SP500 45/TBill 10 (Adj '95-'96) Nov09 70 IntCr/30 SP50,NULL,NULL,NULL,NULL,0
274,3000_INAC_274,BLANK,ICE BofAML 1-5 45/SP500 45/TBill 10 (Adj '95-'96) Nov09 70 IntCr/30 SP50,ICE BofAML 1-5 45/SP500 45/TBill 10 (Adj '95-'96) Nov09 70 IntCr/30 SP50,NULL,NULL,NULL,NULL,0
275,3000_INAC_275,BLANK,ICE BofAML 1-5 45/SP500 45/TBill 10 (Adj '95-'96) Nov09 70 IntCr/30 SP50,ICE BofAML 1-5 45/SP500 45/TBill 10 (Adj '95-'96) Nov09 70 IntCr/30 SP50,NULL,NULL,NULL,NULL,0
276,3000_INAC_276,BLANK,ICE BofAML 1-5 45/SP500 45/TBill 10 (Adj '95-'96) Nov09 70 IntCr/30 SP50,ICE BofAML 1-5 45/SP500 45/TBill 10 (Adj '95-'96) Nov09 70 IntCr/30 SP50,NULL,NULL,NULL,NULL,0
277,bcushy,51199F126,Bloomberg U.S. High Yield,Bloomberg U.S. High Yield,NULL,NULL,NULL,NULL,1
278,2659-a,2659-a,Blmbg Barclays Int Cred/prior May 20 Blmbg Barclays Agg,Blmbg Barclays Int Cred/prior May 20 Blmbg Barclays Agg,NULL,NULL,NULL,NULL,1
279,2681,2681,Blmbg Barclays Intermediate Credit/prior May 20 Muni 1-10 Yr,Blmbg Barclays Intermediate Credit/prior May 20 Muni 1-10 Yr,NULL,NULL,NULL,NULL,1
280,3000_INAC_280,BLANK,ICE BofAML 1-5 45/SP500 45/TBill 10 (Adj '95-'96) Nov09 70 IntCr/30 SP50,ICE BofAML 1-5 45/SP500 45/TBill 10 (Adj '95-'96) Nov09 70 IntCr/30 SP50,NULL,NULL,NULL,NULL,0
281,3627,3627,Blmbg Barclays 1-3 Yr Cred/ prior May 20 Int Cred,Blmbg Barclays 1-3 Yr Cred/ prior May 20 Int Cred,NULL,NULL,NULL,NULL,1
282,3634-t,3634-t,Blmbg Barclays Interm Credit / Prior Sep15 Blmbg Barclays Agg,Blmbg Barclays Interm Credit / Prior Sep15 Blmbg Barclays Agg,NULL,NULL,NULL,NULL,1
283,3637,3637,Blmbg BC 1-3 Yr Gov Cred/prior June 18 Blmbg BC 1-3 Yr Cred,Blmbg BC 1-3 Yr Gov Cred/prior June 18 Blmbg BC 1-3 Yr Cred,NULL,NULL,NULL,NULL,1
284,3000_INAC_284,BLANK,ICE BofAML 1-5 45/SP500 45/TBill 10 (Adj '95-'96) Nov09 70 IntCr/30 SP50,ICE BofAML 1-5 45/SP500 45/TBill 10 (Adj '95-'96) Nov09 70 IntCr/30 SP50,NULL,NULL,NULL,NULL,0
285,3000_INAC_285,BLANK,ICE BofAML 1-5 45/SP500 45/TBill 10 (Adj '95-'96) Nov09 70 IntCr/30 SP50,ICE BofAML 1-5 45/SP500 45/TBill 10 (Adj '95-'96) Nov09 70 IntCr/30 SP50,NULL,NULL,NULL,NULL,0
286,2654,2654,Blmbg Barclays Int Gov Cred/prior Apr 18 Int Gov/prior Feb 11 US Gov,Blmbg Barclays Int Gov Cred/prior Apr 18 Int Gov/prior Feb 11 US Gov,NULL,NULL,NULL,NULL,1
287,3000_INAC_287,BLANK,ICE BofAML 1-5 45/SP500 45/TBill 10 (Adj '95-'96) Nov09 70 IntCr/30 SP50,ICE BofAML 1-5 45/SP500 45/TBill 10 (Adj '95-'96) Nov09 70 IntCr/30 SP50,NULL,NULL,NULL,NULL,0
288,3000_INAC_288,BLANK,ICE BofAML 1-5 45/SP500 45/TBill 10 (Adj '95-'96) Nov09 70 IntCr/30 SP50,ICE BofAML 1-5 45/SP500 45/TBill 10 (Adj '95-'96) Nov09 70 IntCr/30 SP50,NULL,NULL,NULL,NULL,0
289,3000_INAC_289,BLANK,ICE BofAML 1-5 45/SP500 45/TBill 10 (Adj '95-'96) Nov09 70 IntCr/30 SP50,ICE BofAML 1-5 45/SP500 45/TBill 10 (Adj '95-'96) Nov09 70 IntCr/30 SP50,NULL,NULL,NULL,NULL,0
290,3000_INAC_290,BLANK,ICE BofAML 1-5 45/SP500 45/TBill 10 (Adj '95-'96) Nov09 70 IntCr/30 SP50,ICE BofAML 1-5 45/SP500 45/TBill 10 (Adj '95-'96) Nov09 70 IntCr/30 SP50,NULL,NULL,NULL,NULL,0
291,3000_INAC_291,BLANK,ICE BofAML 1-5 45/SP500 45/TBill 10 (Adj '95-'96) Nov09 70 IntCr/30 SP50,ICE BofAML 1-5 45/SP500 45/TBill 10 (Adj '95-'96) Nov09 70 IntCr/30 SP50,NULL,NULL,NULL,NULL,0
292,2650-t,2650-t,60%LongCorp/20%IntCorp/20%LongTsy,60%LongCorp/20%IntCorp/20%LongTsy,NULL,NULL,NULL,NULL,1
293,3000_INAC_293,BLANK,ICE BofAML 1-5 45/SP500 45/TBill 10 (Adj '95-'96) Nov09 70 IntCr/30 SP50,ICE BofAML 1-5 45/SP500 45/TBill 10 (Adj '95-'96) Nov09 70 IntCr/30 SP50,NULL,NULL,NULL,NULL,0
294,3000_INAC_294,BLANK,ICE BofAML 1-5 45/SP500 45/TBill 10 (Adj '95-'96) Nov09 70 IntCr/30 SP50,ICE BofAML 1-5 45/SP500 45/TBill 10 (Adj '95-'96) Nov09 70 IntCr/30 SP50,NULL,NULL,NULL,NULL,0
295,3000_INAC_295,BLANK,ICE BofAML 1-5 45/SP500 45/TBill 10 (Adj '95-'96) Nov09 70 IntCr/30 SP50,ICE BofAML 1-5 45/SP500 45/TBill 10 (Adj '95-'96) Nov09 70 IntCr/30 SP50,NULL,NULL,NULL,NULL,0
296,3000_INAC_296,BLANK,ICE BofAML 1-5 45/SP500 45/TBill 10 (Adj '95-'96) Nov09 70 IntCr/30 SP50,ICE BofAML 1-5 45/SP500 45/TBill 10 (Adj '95-'96) Nov09 70 IntCr/30 SP50,NULL,NULL,NULL,NULL,0
297,3000_INAC_297,BLANK,ICE BofAML 1-5 45/SP500 45/TBill 10 (Adj '95-'96) Nov09 70 IntCr/30 SP50,ICE BofAML 1-5 45/SP500 45/TBill 10 (Adj '95-'96) Nov09 70 IntCr/30 SP50,NULL,NULL,NULL,NULL,0
298,3000_INAC_298,BLANK,ICE BofAML 1-5 45/SP500 45/TBill 10 (Adj '95-'96) Nov09 70 IntCr/30 SP50,ICE BofAML 1-5 45/SP500 45/TBill 10 (Adj '95-'96) Nov09 70 IntCr/30 SP50,NULL,NULL,NULL,NULL,0
299,3000_INAC_299,BLANK,ICE BofAML 1-5 45/SP500 45/TBill 10 (Adj '95-'96) Nov09 70 IntCr/30 SP50,ICE BofAML 1-5 45/SP500 45/TBill 10 (Adj '95-'96) Nov09 70 IntCr/30 SP50,NULL,NULL,NULL,NULL,0
300,3000_INAC_300,BLANK,ICE BofAML 1-5 45/SP500 45/TBill 10 (Adj '95-'96) Nov09 70 IntCr/30 SP50,ICE BofAML 1-5 45/SP500 45/TBill 10 (Adj '95-'96) Nov09 70 IntCr/30 SP50,NULL,NULL,NULL,NULL,0
301,3000_INAC_301,BLANK,ICE BofAML 1-5 45/SP500 45/TBill 10 (Adj '95-'96) Nov09 70 IntCr/30 SP50,ICE BofAML 1-5 45/SP500 45/TBill 10 (Adj '95-'96) Nov09 70 IntCr/30 SP50,NULL,NULL,NULL,NULL,0
302,3000_INAC_302,BLANK,ICE BofAML 1-5 45/SP500 45/TBill 10 (Adj '95-'96) Nov09 70 IntCr/30 SP50,ICE BofAML 1-5 45/SP500 45/TBill 10 (Adj '95-'96) Nov09 70 IntCr/30 SP50,NULL,NULL,NULL,NULL,0
303,3000_INAC_303,BLANK,ICE BofAML 1-5 45/SP500 45/TBill 10 (Adj '95-'96) Nov09 70 IntCr/30 SP50,ICE BofAML 1-5 45/SP500 45/TBill 10 (Adj '95-'96) Nov09 70 IntCr/30 SP50,NULL,NULL,NULL,NULL,0
304,3000_INAC_304,BLANK,ICE BofAML 1-5 45/SP500 45/TBill 10 (Adj '95-'96) Nov09 70 IntCr/30 SP50,ICE BofAML 1-5 45/SP500 45/TBill 10 (Adj '95-'96) Nov09 70 IntCr/30 SP50,NULL,NULL,NULL,NULL,0
305,3415,3415,BBG Agg - Prior 10/20/2020 BB Gov/Credit 1-3Yr,BBG Agg - Prior 10/20/2020 BB Gov/Credit 1-3Yr,NULL,NULL,NULL,NULL,1
306,3663,3663,Blmbg Barlcays 1-3 Yr Gov/Cred/prior Jul20 Blmbg Barclays 1-3 Yr Credit,Blmbg Barlcays 1-3 Yr Gov/Cred/prior Jul20 Blmbg Barclays 1-3 Yr Credit,NULL,NULL,NULL,NULL,1
307,3000_INAC_307,BLANK,ICE BofAML 1-5 45/SP500 45/TBill 10 (Adj '95-'96) Nov09 70 IntCr/30 SP50,ICE BofAML 1-5 45/SP500 45/TBill 10 (Adj '95-'96) Nov09 70 IntCr/30 SP50,NULL,NULL,NULL,NULL,0
308,3000_INAC_308,BLANK,ICE BofAML 1-5 45/SP500 45/TBill 10 (Adj '95-'96) Nov09 70 IntCr/30 SP50,ICE BofAML 1-5 45/SP500 45/TBill 10 (Adj '95-'96) Nov09 70 IntCr/30 SP50,NULL,NULL,NULL,NULL,0
309,3000_INAC_309,BLANK,ICE BofAML 1-5 45/SP500 45/TBill 10 (Adj '95-'96) Nov09 70 IntCr/30 SP50,ICE BofAML 1-5 45/SP500 45/TBill 10 (Adj '95-'96) Nov09 70 IntCr/30 SP50,NULL,NULL,NULL,NULL,0
310,3000_INAC_310,BLANK,ICE BofAML 1-5 45/SP500 45/TBill 10 (Adj '95-'96) Nov09 70 IntCr/30 SP50,ICE BofAML 1-5 45/SP500 45/TBill 10 (Adj '95-'96) Nov09 70 IntCr/30 SP50,NULL,NULL,NULL,NULL,0
311,3000_INAC_311,BLANK,ICE BofAML 1-5 45/SP500 45/TBill 10 (Adj '95-'96) Nov09 70 IntCr/30 SP50,ICE BofAML 1-5 45/SP500 45/TBill 10 (Adj '95-'96) Nov09 70 IntCr/30 SP50,NULL,NULL,NULL,NULL,0
312,3000_INAC_312,BLANK,ICE BofAML 1-5 45/SP500 45/TBill 10 (Adj '95-'96) Nov09 70 IntCr/30 SP50,ICE BofAML 1-5 45/SP500 45/TBill 10 (Adj '95-'96) Nov09 70 IntCr/30 SP50,NULL,NULL,NULL,NULL,0
313,3000_INAC_313,BLANK,ICE BofAML 1-5 45/SP500 45/TBill 10 (Adj '95-'96) Nov09 70 IntCr/30 SP50,ICE BofAML 1-5 45/SP500 45/TBill 10 (Adj '95-'96) Nov09 70 IntCr/30 SP50,NULL,NULL,NULL,NULL,0
314,3000_INAC_314,BLANK,ICE BofAML 1-5 45/SP500 45/TBill 10 (Adj '95-'96) Nov09 70 IntCr/30 SP50,ICE BofAML 1-5 45/SP500 45/TBill 10 (Adj '95-'96) Nov09 70 IntCr/30 SP50,NULL,NULL,NULL,NULL,0
315,3000_INAC_315,BLANK,ICE BofAML 1-5 45/SP500 45/TBill 10 (Adj '95-'96) Nov09 70 IntCr/30 SP50,ICE BofAML 1-5 45/SP500 45/TBill 10 (Adj '95-'96) Nov09 70 IntCr/30 SP50,NULL,NULL,NULL,NULL,0
316,3000_INAC_316,BLANK,ICE BofAML 1-5 45/SP500 45/TBill 10 (Adj '95-'96) Nov09 70 IntCr/30 SP50,ICE BofAML 1-5 45/SP500 45/TBill 10 (Adj '95-'96) Nov09 70 IntCr/30 SP50,NULL,NULL,NULL,NULL,0
317,3000_INAC_317,BLANK,ICE BofAML 1-5 45/SP500 45/TBill 10 (Adj '95-'96) Nov09 70 IntCr/30 SP50,ICE BofAML 1-5 45/SP500 45/TBill 10 (Adj '95-'96) Nov09 70 IntCr/30 SP50,NULL,NULL,NULL,NULL,0
318,3000_INAC_318,BLANK,ICE BofAML 1-5 45/SP500 45/TBill 10 (Adj '95-'96) Nov09 70 IntCr/30 SP50,ICE BofAML 1-5 45/SP500 45/TBill 10 (Adj '95-'96) Nov09 70 IntCr/30 SP50,NULL,NULL,NULL,NULL,0
319,3000_INAC_319,BLANK,ICE BofAML 1-5 45/SP500 45/TBill 10 (Adj '95-'96) Nov09 70 IntCr/30 SP50,ICE BofAML 1-5 45/SP500 45/TBill 10 (Adj '95-'96) Nov09 70 IntCr/30 SP50,NULL,NULL,NULL,NULL,0
320,3000_INAC_320,BLANK,ICE BofAML 1-5 45/SP500 45/TBill 10 (Adj '95-'96) Nov09 70 IntCr/30 SP50,ICE BofAML 1-5 45/SP500 45/TBill 10 (Adj '95-'96) Nov09 70 IntCr/30 SP50,NULL,NULL,NULL,NULL,0
321,3000_INAC_321,BLANK,ICE BofAML 1-5 45/SP500 45/TBill 10 (Adj '95-'96) Nov09 70 IntCr/30 SP50,ICE BofAML 1-5 45/SP500 45/TBill 10 (Adj '95-'96) Nov09 70 IntCr/30 SP50,NULL,NULL,NULL,NULL,0
322,3000_INAC_322,BLANK,ICE BofAML 1-5 45/SP500 45/TBill 10 (Adj '95-'96) Nov09 70 IntCr/30 SP50,ICE BofAML 1-5 45/SP500 45/TBill 10 (Adj '95-'96) Nov09 70 IntCr/30 SP50,NULL,NULL,NULL,NULL,0
323,2695-t,2695-t,Barclays Int Credit / prior to 1Dec09 MLG/C 1-5,Barclays Int Credit / prior to 1Dec09 MLG/C 1-5,NULL,NULL,NULL,NULL,1
324,2659-t_INAC_324,2659-t,BBG Interm Credit - Prior 5/20 BBG Agg,BBG Interm Credit - Prior 5/20 BBG Agg,NULL,NULL,NULL,NULL,0
325,3673-t,3673-t,75% Blmbg Barclays 1-3 GC + 12.5% HY + 12.5% BL/prior Sep20 1-3 GC,75% Blmbg Barclays 1-3 GC + 12.5% HY + 12.5% BL/prior Sep20 1-3 GC,NULL,NULL,NULL,NULL,1
326,3000_INAC_326,BLANK,ICE BofAML 1-5 45/SP500 45/TBill 10 (Adj '95-'96) Nov09 70 IntCr/30 SP50,ICE BofAML 1-5 45/SP500 45/TBill 10 (Adj '95-'96) Nov09 70 IntCr/30 SP50,NULL,NULL,NULL,NULL,0
327,3678-t_INAC_327,3678-t,Blmbg Barclays 1-3 Yr Gov Cred 60% - High Yield 20% - Bank Loans 20%,Blmbg Barclays 1-3 Yr Gov Cred 60% - High Yield 20% - Bank Loans 20%,NULL,NULL,NULL,NULL,0
328,3000_INAC_328,BLANK,ICE BofAML 1-5 45/SP500 45/TBill 10 (Adj '95-'96) Nov09 70 IntCr/30 SP50,ICE BofAML 1-5 45/SP500 45/TBill 10 (Adj '95-'96) Nov09 70 IntCr/30 SP50,NULL,NULL,NULL,NULL,0
329,3000_INAC_329,BLANK,ICE BofAML 1-5 45/SP500 45/TBill 10 (Adj '95-'96) Nov09 70 IntCr/30 SP50,ICE BofAML 1-5 45/SP500 45/TBill 10 (Adj '95-'96) Nov09 70 IntCr/30 SP50,NULL,NULL,NULL,NULL,0
330,3000_INAC_330,BLANK,ICE BofAML 1-5 45/SP500 45/TBill 10 (Adj '95-'96) Nov09 70 IntCr/30 SP50,ICE BofAML 1-5 45/SP500 45/TBill 10 (Adj '95-'96) Nov09 70 IntCr/30 SP50,NULL,NULL,NULL,NULL,0
331,2659-t,2659-t,Bloomberg Barclays Interm Credit - Prior 5/20 Aggregate,Bloomberg Barclays Interm Credit - Prior 5/20 Aggregate,NULL,NULL,NULL,NULL,1
332,3678-t,3678-t,Blmbg Barclays 1-3 Yr Gov Cred 75% + HY 12.5% + BL 12.5%,Blmbg Barclays 1-3 Yr Gov Cred 75% + HY 12.5% + BL 12.5%,NULL,NULL,NULL,NULL,1
333,3000_INAC_333,BLANK,ICE BofAML 1-5 45/SP500 45/TBill 10 (Adj '95-'96) Nov09 70 IntCr/30 SP50,ICE BofAML 1-5 45/SP500 45/TBill 10 (Adj '95-'96) Nov09 70 IntCr/30 SP50,NULL,NULL,NULL,NULL,0
334,3000_INAC_334,BLANK,ICE BofAML 1-5 45/SP500 45/TBill 10 (Adj '95-'96) Nov09 70 IntCr/30 SP50,ICE BofAML 1-5 45/SP500 45/TBill 10 (Adj '95-'96) Nov09 70 IntCr/30 SP50,NULL,NULL,NULL,NULL,0
335,2652-t,2652-t,Blmbg Barclays Interm Credit / Prior Apr14 US Aggregate,Blmbg Barclays Interm Credit / Prior Apr14 US Aggregate,NULL,NULL,NULL,NULL,1
336,2652-b,2652-b,Blmbg Barclays Interm Cred/ prior Apr14 US Aggregate,Blmbg Barclays Interm Cred/ prior Apr14 US Aggregate,NULL,NULL,NULL,NULL,1
337,3000_INAC_337,BLANK,ICE BofAML 1-5 45/SP500 45/TBill 10 (Adj '95-'96) Nov09 70 IntCr/30 SP50,ICE BofAML 1-5 45/SP500 45/TBill 10 (Adj '95-'96) Nov09 70 IntCr/30 SP50,NULL,NULL,NULL,NULL,0
338,3000_INAC_338,BLANK,ICE BofAML 1-5 45/SP500 45/TBill 10 (Adj '95-'96) Nov09 70 IntCr/30 SP50,ICE BofAML 1-5 45/SP500 45/TBill 10 (Adj '95-'96) Nov09 70 IntCr/30 SP50,NULL,NULL,NULL,NULL,0
339,2631-t,2631-t,BC US Corp / Prior Jul21 BC Int Agg / Prior Jun17 BC Agg,BC US Corp / Prior Jul21 BC Int Agg / Prior Jun17 BC Agg,NULL,NULL,NULL,NULL,1
340,2631,2631,BC US Corp / Prior Jul21 BC Int Agg / Prior Jun17 BC Agg,BC US Corp / Prior Jul21 BC Int Agg / Prior Jun17 BC Agg,NULL,NULL,NULL,NULL,1
341,3000_INAC_341,BLANK,ICE BofAML 1-5 45/SP500 45/TBill 10 (Adj '95-'96) Nov09 70 IntCr/30 SP50,ICE BofAML 1-5 45/SP500 45/TBill 10 (Adj '95-'96) Nov09 70 IntCr/30 SP50,NULL,NULL,NULL,NULL,0
342,3000_INAC_342,BLANK,ICE BofAML 1-5 45/SP500 45/TBill 10 (Adj '95-'96) Nov09 70 IntCr/30 SP50,ICE BofAML 1-5 45/SP500 45/TBill 10 (Adj '95-'96) Nov09 70 IntCr/30 SP50,NULL,NULL,NULL,NULL,0
343,3000_INAC_343,BLANK,ICE BofAML 1-5 45/SP500 45/TBill 10 (Adj '95-'96) Nov09 70 IntCr/30 SP50,ICE BofAML 1-5 45/SP500 45/TBill 10 (Adj '95-'96) Nov09 70 IntCr/30 SP50,NULL,NULL,NULL,NULL,0
344,3000_INAC_344,BLANK,ICE BofAML 1-5 45/SP500 45/TBill 10 (Adj '95-'96) Nov09 70 IntCr/30 SP50,ICE BofAML 1-5 45/SP500 45/TBill 10 (Adj '95-'96) Nov09 70 IntCr/30 SP50,NULL,NULL,NULL,NULL,0
345,3000,BLANK,ICE BofAML 1-5 45/SP500 45/TBill 10 (Adj '95-'96) Nov09 70 IntCr/30 SP50,ICE BofAML 1-5 45/SP500 45/TBill 10 (Adj '95-'96) Nov09 70 IntCr/30 SP50,NULL,NULL,NULL,NULL,1
346,2667,2667,60% Russell 1000 Value / 40% Aggregate,60% Russell 1000 Value / 40% Aggregate,NULL,NULL,NULL,NULL,1
347,3542,3542,BBG Agg - 7/31/21 BBG Int Agg,BBG Agg - 7/31/21 BBG Int Agg,NULL,NULL,NULL,NULL,1